{"var_a": {"histogram": {"values": [[1, 60.248994284527654, 1.0], [2, 63.44446590732318, 3.0], [3, 66.89435021196115, 3.0], [4, 70.1587247390161, 10.0], [5, 73.53344536990204, 26.0], [6, 76.66203518122947, 65.0], [7, 79.62541221769985, 99.0], [8, 82.36551560515458, 180.0], [9, 85.43522895903307, 315.0], [10, 88.30630762048527, 355.0], [11, 90.86548728992433, 548.0], [12, 93.53580374151512, 680.0], [13, 96.13951429123262, 708.0], [14, 98.76679582544014, 822.0], [15, 101.29357487911601, 634.0], [16, 103.3948526226158, 559.0], [17, 105.46197402022251, 510.0], [18, 107.67852810551358, 531.0], [19, 110.4980420711401, 551.0], [20, 113.44619187373756, 362.0], [21, 115.93852608494782, 196.0], [22, 118.13613567080246, 125.0], [23, 120.22697403824482, 71.0], [24, 122.43385186910463, 47.0], [25, 124.42624560960736, 36.0], [26, 127.71447992565062, 22.0], [27, 130.41325895417108, 5.0], [28, 133.6732173859441, 1.0], [29, 135.81670767282986, 1.0], [30, 138.87530803150204, 2.0]]}, "count": [["flag_m999", 1046], ["values", 7468], ["flag_m99", 994], ["missing", 492]], "percentile": {"values": [[0, 60.248994284527654], [20, 91.61806708746042], [40, 97.35268688259033], [60, 102.54196754388336], [80, 108.59990843102133], [100, 139.07006650892126]]}}, "var_b": {"histogram": {"negatives": [[1, -97.80205439418428, 52.0], [2, -94.04484432194526, 49.0], [3, -90.6859195435757, 50.0], [4, -87.41819033828513, 52.0], [5, -84.1787689927726, 54.0], [6, -81.03970689320356, 35.0], [7, -78.00278760874357, 39.0], [8, -74.87733237711186, 53.0], [9, -71.84776221214722, 57.0], [10, -68.60172016988165, 33.0], [11, -66.2642991373916, 6.0], [12, -63.978547515702246, 60.0], [13, -60.19211775268996, 51.0], [14, -56.493667198080736, 48.0], [15, -52.07849089747124, 78.0], [16, -47.752182613328586, 54.0], [17, -45.0861874333187, 30.0], [18, -42.504158450273046, 55.0], [19, -38.70905352825201, 45.0], [20, -35.35828712246333, 52.0], [21, -32.23288889307752, 59.0], [22, -29.056046615135198, 57.0], [23, -25.087300460227926, 62.0], [24, -21.455673841008537, 47.0], [25, -17.97849617141069, 53.0], [26, -14.759227471995649, 50.0], [27, -11.566518981495278, 64.0], [28, -8.686426473290457, 43.0], [29, -5.566545882335225, 37.0], [30, -2.2506093194452546, 59.0]], "positives": [[1, 1.2809366053815652, 45.0], [2, 3.706010921652831, 31.0], [3, 6.467783160623018, 44.0], [4, 9.457379572122452, 56.0], [5, 13.028587293213208, 37.0], [6, 16.67147877418052, 52.0], [7, 20.238611509494728, 57.0], [8, 23.841621385946155, 50.0], [9, 27.68161290942864, 57.0], [10, 32.00411741233216, 62.0], [11, 36.16512779616874, 53.0], [12, 39.5441634258779, 40.0], [13, 42.46306424673957, 40.0], [14, 44.98770639835252, 40.0], [15, 47.42218985787926, 41.0], [16, 50.79992235300476, 60.0], [17, 54.170437449944885, 63.0], [18, 58.012720674721265, 60.0], [19, 61.422557130277426, 62.0], [20, 64.56971689971043, 52.0], [21, 67.33553032530027, 33.0], [22, 69.95852932236438, 63.0], [23, 74.05388233252174, 63.0], [24, 78.24792978573055, 68.0], [25, 82.35082691024083, 57.0], [26, 85.47901423638218, 52.0], [27, 88.98561315596906, 54.0], [28, 92.16506077196564, 59.0], [29, 95.64068960379569, 57.0], [30, 98.65280966238284, 44.0]]}, "count": [["flag_m101", 6423], ["negatives", 1484], ["positives", 1552], ["flag_m201", 541]], "percentile": {"negatives": [[0, -99.96890090469263], [20, -79.11079012827255], [40, -58.129024709982225], [60, -37.733209658667], [80, -19.07624344185328], [100, -0.13442881635432968]], "positives": [[0, 0.028345299174475258], [20, 21.008500136191415], [40, 43.58415761090515], [60, 62.05084497069484], [80, 81.36762405920808], [100, 99.97458293588139]]}}, "var_c": {"histogram": {"income": [[1, 4.391031767908084, 6.0], [2, 7.606873439873461, 464.0], [3, 10.947168456029067, 882.0], [4, 15.28279380930924, 2042.0], [5, 20.486904259160728, 1548.0], [6, 24.51001143006138, 683.0], [7, 27.966481996228545, 687.0], [8, 32.047392867784325, 621.0], [9, 36.314985012211714, 286.0], [10, 39.30354836788359, 166.0], [11, 42.21207870919501, 151.0], [12, 45.42034384224498, 121.0], [13, 49.48265323718951, 122.0], [14, 53.949020926298935, 55.0], [15, 57.46607637407238, 44.0], [16, 61.684335198075686, 30.0], [17, 65.59617370515839, 19.0], [18, 68.89109358633101, 16.0], [19, 72.27197686055129, 18.0], [20, 76.56024588422677, 10.0], [21, 80.16811118700028, 11.0], [22, 83.66231916905923, 2.0], [23, 86.98535144675023, 3.0], [24, 91.02484649571849, 4.0], [25, 96.82546682131496, 1.0], [26, 100.5500659504862, 1.0], [27, 108.59394670438266, 2.0], [28, 112.95147028409545, 2.0], [29, 137.309409554905, 2.0], [30, 168.4089446246927, 1.0]]}, "count": [["income", 8000], ["flag_m9", 394], ["flag_m8", 1503], ["__INVALID__", 103]], "percentile": {"income": [[0, 2.8715017331446004], [20, 13.175488918687979], [40, 17.5203856965663], [60, 22.627351216502877], [80, 30.42174411552498], [100, 168.4089446246927]]}}}